code,industry_title,size_dollars_mm,size_employees
111110,Soybean Farming,$0.75 ,
111120,Oilseed (except Soybean) Farming,$0.75 ,
111130,Dry Pea and Bean Farming,$0.75 ,
111140,Wheat Farming,$0.75 ,
111150,Corn Farming,$0.75 ,
111160,Rice Farming,$0.75 ,
111191,Oilseed and Grain Combination Farming,$0.75 ,
111199,All Other Grain Farming,$0.75 ,
111211,Potato Farming,$0.75 ,
111219,Other Vegetable (except Potato) and Melon Farming,$0.75 ,
111310,Orange Groves,$0.75 ,
111320,Citrus (except Orange) Groves,$0.75 ,
111331,Apple Orchards,$0.75 ,
111332,Grape Vineyards,$0.75 ,
111333,Strawberry Farming,$0.75 ,
111334,Berry (except Strawberry) Farming,$0.75 ,
111335,Tree Nut Farming,$0.75 ,
111336,Fruit and Tree Nut Combination Farming,$0.75 ,
111339,Other Noncitrus Fruit Farming,$0.75 ,
111411,Mushroom Production,$0.75 ,
111419,Other Food Crops Grown Under Cover,$0.75 ,
111421,Nursery and Tree Production,$0.75 ,
111422,Floriculture Production,$0.75 ,
111910,Tobacco Farming,$0.75 ,
111920,Cotton Farming,$0.75 ,
111930,Sugarcane Farming,$0.75 ,
111940,Hay Farming,$0.75 ,
111991,Sugar Beet Farming,$0.75 ,
111992,Peanut Farming,$0.75 ,
111998,All Other Miscellaneous Crop Farming,$0.75 ,
112111,Beef Cattle Ranching and Farming,$0.75 ,
112112,Cattle Feedlots,$7.50 ,
112120,Dairy Cattle and Milk Production,$0.75 ,
112210,Hog and Pig Farming,$0.75 ,
112310,Chicken Egg Production,$15.00 ,
112320,Broilers and Other Meat Type Chicken Production,$0.75 ,
112330,Turkey Production,$0.75 ,
112340,Poultry Hatcheries,$0.75 ,
112390,Other Poultry Production,$0.75 ,
112410,Sheep Farming,$0.75 ,
112420,Goat Farming,$0.75 ,
112511,Finfish Farming and Fish Hatcheries,$0.75 ,
112512,Shellfish Farming,$0.75 ,
112519,Other Aquaculture,$0.75 ,
112910,Apiculture,$0.75 ,
112920,Horse and Other Equine Production,$0.75 ,
112930,Fur-Bearing Animal and Rabbit Production,$0.75 ,
112990,All Other Animal Production,$0.75 ,
113110,Timber Tract Operations,$11.00 ,
113210,Forest Nurseries and Gathering of Forest Products,$11.00 ,
113310,Logging,,500
114111,Finfish Fishing,$20.50 ,
114112,Shellfish Fishing,$5.50 ,
114119,Other Marine Fishing,$7.50 ,
114210,Hunting and Trapping,$5.50 ,
115111,Cotton Ginning,$11.00 ,
115112,"Soil Preparation, Planting, and Cultivating",$7.50 ,
115113,"Crop Harvesting, Primarily by Machine",$7.50 ,
115114,Postharvest Crop Activities (except Cotton Ginning),$27.50 ,
115115,Farm Labor Contractors and Crew Leaders,$15.00 ,
115116,Farm Management Services,$7.50 ,
115210,Support Activities for Animal Production,$7.50 ,
115310,Support Activities for Forestry,$7.50 ,
211120,Crude Petroleum Extraction,,"1,250"
211130,Natural Gas Extraction,,"1,250"
212111,Bituminous Coal and Lignite Surface Mining,,"1,250"
212112,Bituminous Coal Underground Mining,,"1,500"
212113,Anthracite Mining,,250
212210,Iron Ore Mining,,750
212221,Gold Ore Mining,,"1,500"
212222,Silver Ore Mining,,250
212230,"Copper, Nickel, Lead, and Zinc Mining",,750
212291,Uranium-Radium-Vanadium Ore Mining,,250
212299,All Other Metal Ore Mining,,750
212311,Dimension Stone Mining and Quarrying,,500
212312,Crushed and Broken Limestone Mining and Quarrying,,750
212313,Crushed and Broken Granite Mining and Quarrying,,750
212319,Other Crushed and Broken Stone Mining and Quarrying,,500
212321,Construction Sand and Gravel Mining,,500
212322,Industrial Sand Mining,,500
212324,Kaolin and Ball Clay Mining,,750
212325,Clay and Ceramic and Refractory Minerals Mining,,500
212391,"Potash, Soda, and Borate Mineral Mining",,750
212392,Phosphate Rock Mining,,"1,000"
212393,Other Chemical and Fertilizer Mineral Mining,,500
212399,All Other Nonmetallic Mineral Mining,,500
213111,Drilling Oil and Gas Wells,,"1,000"
213112,Support Activities for Oil and Gas Operations,$38.50 ,
213113,Support Activities for Coal Mining,$20.50 ,
213114,Support Activities for Metal Mining,$20.50 ,
213115,Support Activities for Nonmetallic Minerals (except Fuels),$7.50 ,
221111,Hydroelectric Power Generation,,500
221112,Fossil Fuel Electric Power Generation,,750
221113,Nuclear Electric Power Generation,,750
221114,Solar Electric Power Generation,,250
221115,Wind Electric Power Generation,,250
221116,Geothermal Electric Power Generation,,250
221117,Biomass Electric Power Generation,,250
221118,Other Electric Power Generation,,250
221121,Electric Bulk Power Transmission and Control,,500
221122,Electric Power Distribution,,"1,000"
221210,Natural Gas Distribution,,"1,000"
221310,Water Supply and Irrigation Systems,$27.50 ,
221320,Sewage Treatment Facilities,$20.50 ,
221330,Steam and Air-Conditioning Supply,$15.00 ,
236115,New Single-family Housing Construction (Except For-Sale Builders),$36.50 ,
236116,New Multifamily Housing Construction (except For-Sale Builders),$36.50 ,
236117,New Housing For-Sale Builders,$36.50 ,
236118,Residential Remodelers,$36.50 ,
236210,Industrial Building Construction,$36.50 ,
236220,Commercial and Institutional Building Construction,$36.50 ,
237110,Water and Sewer Line and Related Structures Construction,$36.50 ,
237120,Oil and Gas Pipeline and Related Structures Construction,$36.50 ,
237130,Power and Communication Line and Related Structures Construction,$36.50 ,
237210,Land Subdivision,$27.50 ,
237310,"Highway, Street, and Bridge Construction",$36.50 ,
237990,Other Heavy and Civil Engineering Construction,$36.50 ,
238110,Poured Concrete Foundation and Structure Contractors,$15.00 ,
238120,Structural Steel and Precast Concrete Contractors,$15.00 ,
238130,Framing Contractors,$15.00 ,
238140,Masonry Contractors,$15.00 ,
238150,Glass and Glazing Contractors,$15.00 ,
238160,Roofing Contractors,$15.00 ,
238170,Siding Contractors,$15.00 ,
238190,"Other Foundation, Structure, and Building Exterior Contractors",$15.00 ,
238210,Electrical Contractors and Other Wiring Installation Contractors,$15.00 ,
238220,"Plumbing, Heating, and Air-Conditioning Contractors",$15.00 ,
238290,Other Building Equipment Contractors,$15.00 ,
238310,Drywall and Insulation Contractors,$15.00 ,
238320,Painting and Wall Covering Contractors,$15.00 ,
238330,Flooring Contractors,$15.00 ,
238340,Tile and Terrazzo Contractors,$15.00 ,
238350,Finish Carpentry Contractors,$15.00 ,
238390,Other Building Finishing Contractors,$15.00 ,
238910,Site Preparation Contractors,$15.00 ,
238990,All Other Specialty Trade Contractors,$15.00 ,
311111,Dog and Cat Food Manufacturing,,"1,000"
311119,Other Animal Food Manufacturing,,500
311211,Flour Milling,,"1,000"
311212,Rice Milling,,500
311213,Malt Manufacturing,,500
311221,Wet Corn Milling,,"1,250"
311224,Soybean and Other Oilseed Processing,,"1,000"
311225,Fats and Oils Refining and Blending,,"1,000"
311230,Breakfast Cereal Manufacturing,,"1,000"
311313,Beet Sugar Manufacturing,,750
311314,Cane Sugar Manufacturing,,"1,000"
311340,Nonchocolate Confectionery Manufacturing,,"1,000"
311351,Chocolate and Confectionery Manufacturing from Cacao Beans,,"1,250"
311352,Confectionery Manufacturing from Purchased Chocolate,,"1,000"
311411,"Frozen Fruit, Juice, and Vegetable Manufacturing",,"1,000"
311412,Frozen Specialty Food Manufacturing,,"1,250"
311421,Fruit and Vegetable Canning3,,"10,003"
311422,Specialty Canning,,"1,250"
311423,Dried and Dehydrated Food Manufacturing,,750
311511,Fluid Milk Manufacturing,,"1,000"
311512,Creamery Butter Manufacturing,,750
311513,Cheese Manufacturing,,"1,250"
311514,"Dry, Condensed, and Evaporated Dairy Product Manufacturing",,750
311520,Ice Cream and Frozen Dessert Manufacturing,,"1,000"
311611,Animal (except Poultry) Slaughtering,,"1,000"
311612,Meat Processed from Carcasses,,"1,000"
311613,Rendering and Meat Byproduct Processing,,750
311615,Poultry Processing,,"1,250"
311710,Seafood Product Preparation and Packaging,,750
311811,Retail Bakeries,,500
311812,Commercial Bakeries,,"1,000"
311813,"Frozen Cakes, Pies, and Other Pastries Manufacturing",,750
311821,Cookie and Cracker Manufacturing,,"1,250"
311824,"Dry Pasta, Dough, and Flour Mixes Manufacturing from Purchased Flour",,750
311830,Tortilla Manufacturing,,"1,250"
311911,Roasted Nuts and Peanut Butter Manufacturing,,750
311919,Other Snack Food Manufacturing,,"1,250"
311920,Coffee and Tea Manufacturing,,750
311930,Flavoring Syrup and Concentrate Manufacturing,,"1,000"
311941,"Mayonnaise, Dressing, and Other Prepared Sauce Manufacturing",,750
311942,Spice and Extract Manufacturing,,500
311991,Perishable Prepared Food Manufacturing,,500
311999,All Other Miscellaneous Food Manufacturing,,500
312111,Soft Drink Manufacturing,,"1,250"
312112,Bottled Water Manufacturing,,"1,000"
312113,Ice Manufacturing,,750
312120,Breweries,,"1,250"
312130,Wineries,,"1,000"
312140,Distilleries,,"1,000"
312230,Tobacco Manufacturing,,"1,500"
313110,"Fiber, Yarn, and Thread Mills",,"1,250"
313210,Broadwoven Fabric Mills,,"1,000"
313220,Narrow Fabric Mills and Schiffli Machine Embroidery,,500
313230,Nonwoven Fabric Mills,,750
313240,Knit Fabric Mills,,500
313310,Textile and Fabric Finishing Mills,,"1,000"
313320,Fabric Coating Mills,,"1,000"
314110,Carpet and Rug Mills,,"1,500"
314120,Curtain and Linen Mills,,750
314910,Textile Bag and Canvas Mills,,500
314994,"Rope, Cordage, Twine, Tire Cord, and Tire Fabric Mills",,"1,000"
314999,All Other Miscellaneous Textile Product Mills,,500
315110,Hosiery and Sock Mills,,750
315190,Other Apparel Knitting Mills,,750
315210,Cut and Sew Apparel Contractors,,750
315220,Men's and Boys' Cut and Sew Apparel Manufacturing,,750
315240,"Women's, Girls', and Infants' Cut and Sew Apparel Manufacturing",,750
315280,Other Cut and Sew Apparel Manufacturing,,750
315990,Apparel Accessories and Other Apparel Manufacturing,,500
316110,Leather and Hide Tanning and Finishing,,500
316210,Footwear Manufacturing,,"1,000"
316992,Women's Handbag and Purse Manufacturing,,750
316998,All Other Leather Good and Allied Product Manufacturing,,500
321113,Sawmills,,500
321114,Wood Preservation,,500
321211,Hardwood Veneer and Plywood Manufacturing,,500
321212,Softwood Veneer and Plywood Manufacturing,,"1,250"
321213,Engineered Wood Member (except Truss) Manufacturing,,750
321214,Truss Manufacturing,,500
321219,Reconstituted Wood Product Manufacturing,,750
321911,Wood Window and Door Manufacturing,,"1,000"
321912,"Cut Stock, Resawing Lumber, and Planing",,500
321918,Other Millwork (including Flooring),,500
321920,Wood Container and Pallet Manufacturing,,500
321991,Manufactured Home (Mobile Home) Manufacturing,,"1,250"
321992,Prefabricated Wood Building Manufacturing,,500
321999,All Other Miscellaneous Wood Product Manufacturing,,500
322110,Pulp Mills,,750
322121,Paper (except Newsprint) Mills,,"1,250"
322122,Newsprint Mills,,750
322130,Paperboard Mills,,"1,250"
322211,Corrugated and Solid Fiber Box Manufacturing,,"1,250"
322212,Folding Paperboard Box Manufacturing,,750
322219,Other Paperboard Container Manufacturing,,"1,000"
322220,Paper Bag and Coated and Treated Paper Manufacturing,,750
322230,Stationery Product Manufacturing,,750
322291,Sanitary Paper Product Manufacturing,,"1,500"
322299,All Other Converted Paper Product Manufacturing,,500
323111,Commercial Printing (except Screen and Books),,500
323113,Commercial Screen Printing,,500
323117,Books Printing,,"1,250"
323120,Support Activities for Printing,,500
324110,Petroleum Refineries4,,"15,004"
324121,Asphalt Paving Mixture and Block Manufacturing,,500
324122,Asphalt Shingle and Coating Materials Manufacturing,,750
324191,Petroleum Lubricating Oil and Grease Manufacturing,,750
324199,All Other Petroleum and Coal Products Manufacturing,,500
325110,Petrochemical Manufacturing,,"1,000"
325120,Industrial Gas Manufacturing,,"1,000"
325130,Synthetic Dye and Pigment Manufacturing,,"1,000"
325180,Other Basic Inorganic Chemical Manufacturing,,"1,000"
325193,Ethyl Alcohol Manufacturing,,"1,000"
325194,"Cyclic Crude, Intermediate, and Gum and Wood Chemical Manufacturing",,"1,250"
325199,All Other Basic Organic Chemical Manufacturing,,"1,250"
325211,Plastics Material and Resin Manufacturing,,"1,250"
325212,Synthetic Rubber Manufacturing,,"1,000"
325220,Artificial and Synthetic Fibers and Filaments Manufacturing,,"1,000"
325311,Nitrogenous Fertilizer Manufacturing,,"1,000"
325312,Phosphatic Fertilizer Manufacturing,,750
325314,Fertilizer (Mixing Only) Manufacturing,,500
325320,Pesticide and Other Agricultural Chemical Manufacturing,,"1,000"
325411,Medicinal and Botanical Manufacturing,,"1,000"
325412,Pharmaceutical Preparation Manufacturing,,"1,250"
325413,In-Vitro Diagnostic Substance Manufacturing,,"1,250"
325414,Biological Product (except Diagnostic) Manufacturing,,"1,250"
325510,Paint and Coating Manufacturing,,"1,000"
325520,Adhesive Manufacturing,,500
325611,Soap and Other Detergent Manufacturing,,"1,000"
325612,Polish and Other Sanitation Good Manufacturing,,750
325613,Surface Active Agent Manufacturing,,750
325620,Toilet Preparation Manufacturing,,"1,250"
325910,Printing Ink Manufacturing,,500
325920,Explosives Manufacturing,,750
325991,Custom Compounding of Purchased Resins,,500
325992,"Photographic Film, Paper, Plate, and Chemical Manufacturing",,"1,500"
325998,All Other Miscellaneous Chemical Product and Preparation Manufacturing,,500
326111,Plastics Bag and Pouch Manufacturing,,750
326112,Plastics Packaging Film and Sheet (including Laminated) Manufacturing,,"1,000"
326113,Unlaminated Plastics Film and Sheet (except Packaging) Manufacturing,,750
326121,Unlaminated Plastics Profile Shape Manufacturing,,500
326122,Plastics Pipe and Pipe Fitting Manufacturing,,750
326130,"Laminated Plastics Plate, Sheet (except Packaging), and Shape Manufacturing",,500
326140,Polystyrene Foam Product Manufacturing,,"1,000"
326150,Urethane and Other Foam Product (except Polystyrene) Manufacturing,,750
326160,Plastics Bottle Manufacturing,,"1,250"
326191,Plastics Plumbing Fixture Manufacturing,,750
326199,All Other Plastics Product Manufacturing,,750
326211,Tire Manufacturing (except Retreading)5,,"15,005"
326212,Tire Retreading,,500
326220,Rubber and Plastics Hoses and Belting Manufacturing,,750
326291,Rubber Product Manufacturing for Mechanical Use,,750
326299,All Other Rubber Product Manufacturing,,500
327110,"Pottery, Ceramics, and Plumbing Fixture Manufacturing",,"1,000"
327120,Clay Building Material and Refractories Manufacturing,,750
327211,Flat Glass Manufacturing,,"1,000"
327212,Other Pressed and Blown Glass and Glassware Manufacturing,,"1,250"
327213,Glass Container Manufacturing,,"1,250"
327215,Glass Product Manufacturing Made of Purchased Glass,,"1,000"
327310,Cement Manufacturing,,"1,000"
327320,Ready-Mix Concrete Manufacturing,,500
327331,Concrete Block and Brick Manufacturing,,500
327332,Concrete Pipe Manufacturing,,750
327390,Other Concrete Product Manufacturing,,500
327410,Lime Manufacturing,,750
327420,Gypsum Product Manufacturing,,"1,500"
327910,Abrasive Product Manufacturing,,750
327991,Cut Stone and Stone Product Manufacturing,,500
327992,Ground or Treated Mineral and Earth Manufacturing,,500
327993,Mineral Wool Manufacturing,,"1,500"
327999,All Other Miscellaneous Nonmetallic Mineral Product Manufacturing,,500
331110,Iron and Steel Mills and Ferroalloy Manufacturing,,"1,500"
331210,Iron and Steel Pipe and Tube Manufacturing from Purchased Steel,,"1,000"
331221,Rolled Steel Shape Manufacturing,,"1,000"
331222,Steel Wire Drawing,,"1,000"
331313,Alumina Refining and Primary Aluminum Production,,"1,000"
331314,Secondary Smelting and Alloying of Aluminum,,750
331315,"Aluminum Sheet, Plate, and Foil Manufacturing",,"1,250"
331318,"Other Aluminum Rolling, Drawing, and Extruding",,750
331410,Nonferrous Metal (except Aluminum) Smelting and Refining,,"1,000"
331420,"Copper Rolling, Drawing, Extruding, and Alloying",,"1,000"
331491,"Nonferrous Metal (except Copper and Aluminum) Rolling, Drawing and Extruding",,750
331492,"Secondary Smelting, Refining, and Alloying of Nonferrous Metal (except Copper and Aluminum)",,750
331511,Iron Foundries,,"1,000"
331512,Steel Investment Foundries,,"1,000"
331513,Steel Foundries (except Investment),,500
331523,Nonferrous Metal Die-Casting Foundries,,500
331524,Aluminum Foundries (except Die-Casting),,500
331529,Other Nonferrous Metal Foundries (except Die-Casting),,500
332111,Iron and Steel Forging,,750
332112,Nonferrous Forging,,750
332114,Custom Roll Forming,,500
332117,Powder Metallurgy Part Manufacturing,,500
332119,"Metal Crown, Closure, and Other Metal Stamping (except Automotive)",,500
332215,"Metal Kitchen Cookware, Utensil, Cutlery, and Flatware (except Precious) Manufacturing",,750
332216,Saw Blade and Handtool Manufacturing,,750
332311,Prefabricated Metal Building and Component Manufacturing,,750
332312,Fabricated Structural Metal Manufacturing,,500
332313,Plate Work Manufacturing,,750
332321,Metal Window and Door Manufacturing,,750
332322,Sheet Metal Work Manufacturing,,500
332323,Ornamental and Architectural Metal Work Manufacturing,,500
332410,Power Boiler and Heat Exchanger Manufacturing,,750
332420,Metal Tank (Heavy Gauge) Manufacturing,,750
332431,Metal Can Manufacturing,,"1,500"
332439,Other Metal Container Manufacturing,,500
332510,Hardware Manufacturing,,750
332613,Spring Manufacturing,,500
332618,Other Fabricated Wire Product Manufacturing,,500
332710,Machine Shops,,500
332721,Precision Turned Product Manufacturing,,500
332722,"Bolt, Nut, Screw, Rivet and Washer Manufacturing",,500
332811,Metal Heat Treating,,750
332812,"Metal Coating, Engraving (except Jewelry and Silverware), and Allied Services to Manufacturers",,500
332813,"Electroplating, Plating, Polishing, Anodizing and Coloring",,500
332911,Industrial Valve Manufacturing,,750
332912,Fluid Power Valve and Hose Fitting Manufacturing,,"1,000"
332913,Plumbing Fixture Fitting and Trim Manufacturing,,"1,000"
332919,Other Metal Valve and Pipe Fitting Manufacturing,,750
332991,Ball and Roller Bearing Manufacturing,,"1,250"
332992,Small Arms Ammunition Manufacturing,,"1,250"
332993,Ammunition (except Small Arms) Manufacturing,,"1,500"
332994,"Small Arms, Ordnance, and Ordnance Accessories Manufacturing",,"1,000"
332996,Fabricated Pipe and Pipe Fitting Manufacturing,,500
332999,All Other Miscellaneous Fabricated Metal Product Manufacturing,,750
333111,Farm Machinery and Equipment Manufacturing,,"1,250"
333112,Lawn and Garden Tractor and Home Lawn and Garden Equipment Manufacturing,,"1,500"
333120,Construction Machinery Manufacturing,,"1,250"
333131,Mining Machinery and Equipment Manufacturing,,500
333132,Oil and Gas Field Machinery and Equipment Manufacturing,,"1,250"
333241,Food Product Machinery Manufacturing,,500
333242,Semiconductor Machinery Manufacturing,,"1,500"
333243,"Sawmill, Woodworking, and Paper Machinery Manufacturing",,500
333244,Printing Machinery and Equipment Manufacturing,,750
333249,Other Industrial Machinery Manufacturing,,500
333314,Optical Instrument and Lens Manufacturing,,500
333316,Photographic and Photocopying Equipment Manufacturing,,"1,000"
333318,Other Commercial and Service Industry Machinery Manufacturing,,"1,000"
333413,Industrial and Commercial Fan and Blower and Air Purification Equipment Manufacturing,,500
333414,Heating Equipment (except Warm Air Furnaces) Manufacturing,,500
333415,Air-Conditioning and Warm Air Heating Equipment and Commercial and Industrial Refrigeration Equipment Manufacturing,,"1,250"
333511,Industrial Mold Manufacturing,,500
333514,"Special Die and Tool, Die Set, Jig and Fixture Manufacturing",,500
333515,Cutting Tool and Machine Tool Accessory Manufacturing,,500
333517,Machine Tool Manufacturing,,500
333519,Rolling Mill and Other Metalworking Machinery Manufacturing,,500
333611,Turbine and Turbine Generator Set Units Manufacturing,,"1,500"
333612,"Speed Changer, Industrial High-Speed Drive, and Gear Manufacturing",,750
333613,Mechanical Power Transmission Equipment Manufacturing,,750
333618,Other Engine Equipment Manufacturing,,"1,500"
333912,Air and Gas Compressor Manufacturing,,"1,000"
333914,"Measuring, Dispensing, and Other Pumping Equipment Manufacturing",,750
333921,Elevator and Moving Stairway Manufacturing,,"1,000"
333922,Conveyor and Conveying Equipment Manufacturing,,500
333923,"Overhead Traveling Crane, Hoist, and Monorail System Manufacturing",,"1,250"
333924,"Industrial Truck, Tractor, Trailer and Stacker Machinery Manufacturing",,750
333991,Power-Driven Hand Tool Manufacturing,,500
333992,Welding and Soldering Equipment Manufacturing,,"1,250"
333993,Packaging Machinery Manufacturing,,500
333994,Industrial Process Furnace and Oven Manufacturing,,500
333995,Fluid Power Cylinder and Actuator Manufacturing,,750
333996,Fluid Power Pump and Motor Manufacturing,,"1,250"
333997,Scale and Balance Manufacturing,,500
333999,All Other Miscellaneous General Purpose Machinery Manufacturing,,500
334111,Electronic Computer Manufacturing,,"1,250"
334112,Computer Storage Device Manufacturing,,"1,250"
334118,Computer Terminal and Other Computer Peripheral Equipment Manufacturing,,"1,000"
334210,Telephone Apparatus Manufacturing,,"1,250"
334220,Radio and Television Broadcasting and Wireless Communications Equipment Manufacturing,,"1,250"
334290,Other Communications Equipment Manufacturing,,750
334310,Audio and Video Equipment Manufacturing,,750
334412,Bare Printed Circuit Board Manufacturing,,750
334413,Semiconductor and Related Device Manufacturing,,"1,250"
334416,"Capacitor, Resistor, Coil, Transformer, and Other Inductor Manufacturing",,500
334417,Electronic Connector Manufacturing,,"1,000"
334418,Printed Circuit Assembly (Electronic Assembly) Manufacturing,,750
334419,Other Electronic Component Manufacturing,,750
334510,Electromedical and Electrotherapeutic Apparatus Manufacturing,,"1,250"
334511,"Search, Detection, Navigation, Guidance, Aeronautical, and Nautical System and Instrument Manufacturing",,"1,250"
334512,"Automatic Environmental Control Manufacturing for Residential, Commercial and Appliance Use",,500
334513,"Instruments and Related Products Manufacturing for Measuring, Displaying, and Controlling Industrial Process Variables",,750
334514,Totalizing Fluid Meter and Counting Device Manufacturing,,750
334515,Instrument Manufacturing for Measuring and Testing Electricity and Electrical Signals,,750
334516,Analytical Laboratory Instrument Manufacturing,,"1,000"
334517,Irradiation Apparatus Manufacturing,,"1,000"
334519,Other Measuring and Controlling Device Manufacturing,,500
334613,Blank Magnetic and Optical Recording Media Manufacturing,,"1,000"
334614,"Software and Other Prerecorded Compact Disc, Tape, and Record Reproducing",,"1,250"
335110,Electric Lamp Bulb and Part Manufacturing,,"1,250"
335121,Residential Electric Lighting Fixture Manufacturing,,750
335122,"Commercial, Industrial and Institutional Electric Lighting Fixture Manufacturing",,500
335129,Other Lighting Equipment Manufacturing,,500
335210,Small Electrical Appliance Manufacturing,,"1,500"
335220,Major Household Appliance Manufacturing,,"1,500"
335311,"Power, Distribution and Specialty Transformer Manufacturing",,750
335312,Motor and Generator Manufacturing,,"1,250"
335313,Switchgear and Switchboard Apparatus Manufacturing,,"1,250"
335314,Relay and Industrial Control Manufacturing,,750
335911,Storage Battery Manufacturing,,"1,250"
335912,Primary Battery Manufacturing,,"1,000"
335921,Fiber Optic Cable Manufacturing,,"1,000"
335929,Other Communication and Energy Wire Manufacturing,,"1,000"
335931,Current-Carrying Wiring Device Manufacturing,,500
335932,Noncurrent-Carrying Wiring Device Manufacturing,,"1,000"
335991,Carbon and Graphite Product Manufacturing,,750
335999,All Other Miscellaneous Electrical Equipment and Component Manufacturing,,500
336111,Automobile Manufacturing,,"1,500"
336112,Light Truck and Utility Vehicle Manufacturing,,"1,500"
336120,Heavy Duty Truck Manufacturing,,"1,500"
336211,Motor Vehicle Body Manufacturing,,"1,000"
336212,Truck Trailer Manufacturing,,"1,000"
336213,Motor Home Manufacturing,,"1,250"
336214,Travel Trailer and Camper Manufacturing,,"1,000"
336310,Motor Vehicle Gasoline Engine and Engine Parts Manufacturing,,"1,000"
336320,Motor Vehicle Electrical and Electronic Equipment Manufacturing,,"1,000"
336330,Motor Vehicle Steering and Suspension Components (except Spring) Manufacturing,,"1,000"
336340,Motor Vehicle Brake System Manufacturing,,"1,250"
336350,Motor Vehicle Transmission and Power Train Parts Manufacturing,,"1,500"
336360,Motor Vehicle Seating and Interior Trim Manufacturing,,"1,500"
336370,Motor Vehicle Metal Stamping,,"1,000"
336390,Other Motor Vehicle Parts Manufacturing,,"1,000"
336411,Aircraft Manufacturing,,"1,500"
336412,Aircraft Engine and Engine Parts Manufacturing,,"1,500"
336413,Other Aircraft Parts and Auxiliary Equipment Manufacturing7,,"12,507"
336414,Guided Missile and Space Vehicle Manufacturing,,"1,250"
336415,Guided Missile and Space Vehicle Propulsion Unit and Propulsion Unit Parts Manufacturing,,"1,250"
336419,Other Guided Missile and Space Vehicle Parts and Auxiliary Equipment Manufacturing,,"1,000"
336510,Railroad Rolling Stock Manufacturing,,"1,500"
336611,Ship Building and Repairing,,"1,250"
336612,Boat Building,,"1,000"
336991,"Motorcycle, Bicycle, and Parts Manufacturing",,"1,000"
336992,"Military Armored Vehicle, Tank, and Tank Component Manufacturing",,"1,500"
336999,,,
337110,Wood Kitchen Cabinet and Countertop Manufacturing,,750
337121,Upholstered Household Furniture Manufacturing,,"1,000"
337122,Nonupholstered Wood Household Furniture Manufacturing,,750
337124,Metal Household Furniture Manufacturing,,750
337125,Household Furniture (except Wood and Metal) Manufacturing,,750
337127,Institutional Furniture Manufacturing,,500
337211,Wood Office Furniture Manufacturing,,"1,000"
337212,Custom Architectural Woodwork and Millwork Manufacturing,,500
337214,Office Furniture (except Wood) Manufacturing,,"1,000"
337215,"Showcase, Partition, Shelving, and Locker Manufacturing",,500
337910,Mattress Manufacturing,,"1,000"
337920,Blind and Shade Manufacturing,,"1,000"
339112,Surgical and Medical Instrument Manufacturing,,"1,000"
339113,Surgical Appliance and Supplies Manufacturing,,750
339114,Dental Equipment and Supplies Manufacturing,,750
339115,Ophthalmic Goods Manufacturing,,"1,000"
339116,Dental Laboratories,,500
339910,Jewelry and Silverware Manufacturing,,500
339920,Sporting and Athletic Goods Manufacturing,,750
339930,"Doll, Toy, and Game Manufacturing",,500
339940,Office Supplies (except Paper) Manufacturing,,750
339950,Sign Manufacturing,,500
339991,"Gasket, Packing, and Sealing Device Manufacturing",,500
339992,Musical Instrument Manufacturing,,"1,000"
339993,"Fastener, Button, Needle, and Pin Manufacturing",,750
339994,"Broom, Brush and Mop Manufacturing",,500
339995,Burial Casket Manufacturing,,"1,000"
339999,All Other Miscellaneous Manufacturing,,500
423110,Automobile and Other Motor Vehicle Merchant Wholesalers,,250
423120,Motor Vehicle Supplies and New Parts Merchant Wholesalers,,200
423130,Tire and Tube Merchant Wholesalers,,200
423140,Motor Vehicle Parts (Used) Merchant Wholesalers,,100
423210,Furniture Merchant Wholesalers,,100
423220,Home Furnishing Merchant Wholesalers,,100
423310,"Lumber, Plywood, Millwork, and Wood Panel Merchant Wholesalers",,150
423320,"Brick, Stone, and Related Construction Material Merchant Wholesalers",,150
423330,"Roofing, Siding, and Insulation Material Merchant Wholesalers",,200
423390,Other Construction Material Merchant Wholesalers,,100
423410,Photographic Equipment and Supplies Merchant Wholesalers,,200
423420,Office Equipment Merchant Wholesalers,,200
423430,Computer and Computer Peripheral Equipment and Software Merchant Wholesalers,,250
423440,Other Commercial Equipment Merchant Wholesalers,,100
423450,"Medical, Dental, and Hospital Equipment and Supplies Merchant Wholesalers",,200
423460,Ophthalmic Goods Merchant Wholesalers,,150
423490,Other Professional Equipment and Supplies Merchant Wholesalers,,150
423510,Metal Service Centers and Other Metal Merchant Wholesalers,,200
423520,Coal and Other Mineral and Ore Merchant Wholesalers,,100
423610,"Electrical Apparatus and Equipment, Wiring Supplies, and Related Equipment Merchant Wholesalers",,200
423620,"Household Appliances, Electric Housewares, and Consumer Electronics Merchant Wholesalers",,200
423690,Other Electronic Parts and Equipment Merchant Wholesalers,,250
423710,Hardware Merchant Wholesalers,,150
423720,Plumbing and Heating Equipment and Supplies (Hydronics) Merchant Wholesalers,,200
423730,Warm Air Heating and Air-Conditioning Equipment and Supplies Merchant Wholesalers,,150
423740,Refrigeration Equipment and Supplies Merchant Wholesalers,,100
423810,Construction and Mining (except Oil Well) Machinery and Equipment Merchant Wholesalers,,250
423820,Farm and Garden Machinery and Equipment Merchant Wholesalers,,100
423830,Industrial Machinery and Equipment Merchant Wholesalers,,100
423840,Industrial Supplies Merchant Wholesalers,,100
423850,Service Establishment Equipment and Supplies Merchant Wholesalers,,100
423860,Transportation Equipment and Supplies (except Motor Vehicle) Merchant Wholesalers,,150
423910,Sporting and Recreational Goods and Supplies Merchant Wholesalers,,100
423920,Toy and Hobby Goods and Supplies Merchant Wholesalers,,150
423930,Recyclable Material Merchant Wholesalers,,100
423940,"Jewelry, Watch, Precious Stone, and Precious Metal Merchant Wholesalers",,100
423990,Other Miscellaneous Durable Goods Merchant Wholesalers,,100
424110,Printing and Writing Paper Merchant Wholesalers,,200
424120,Stationery and Office Supplies Merchant Wholesalers,,150
424130,Industrial and Personal Service Paper Merchant Wholesalers,,150
424210,Drugs and Druggists' Sundries Merchant Wholesalers,,250
424310,"Piece Goods, Notions, and Other Dry Goods Merchant Wholesalers",,100
424320,Men's and Boys' Clothing and Furnishings Merchant Wholesalers,,150
424330,"Women's, Children's, and Infants' Clothing and Accessories Merchant Wholesalers",,100
424340,Footwear Merchant Wholesalers,,200
424410,General Line Grocery Merchant Wholesalers,,250
424420,Packaged Frozen Food Merchant Wholesalers,,200
424430,Dairy Product (except Dried or Canned) Merchant Wholesalers,,200
424440,Poultry and Poultry Product Merchant Wholesalers,,150
424450,Confectionery Merchant Wholesalers,,200
424460,Fish and Seafood Merchant Wholesalers,,100
424470,Meat and Meat Product Merchant Wholesalers,,150
424480,Fresh Fruit and Vegetable Merchant Wholesalers,,100
424490,Other Grocery and Related Products Merchant Wholesalers,,250
424510,Grain and Field Bean Merchant Wholesalers,,200
424520,Livestock Merchant Wholesalers,,100
424590,Other Farm Product Raw Material Merchant Wholesalers,,100
424610,Plastics Materials and Basic Forms and Shapes Merchant Wholesalers,,150
424690,Other Chemical and Allied Products Merchant Wholesalers,,150
424710,Petroleum Bulk Stations and Terminals,,200
424720,Petroleum and Petroleum Products Merchant Wholesalers (except Bulk Stations and Terminals),,200
424810,Beer and Ale Merchant Wholesalers,,200
424820,Wine and Distilled Alcoholic Beverage Merchant Wholesalers,,250
424910,Farm Supplies Merchant Wholesalers,,200
424920,"Book, Periodical, and Newspaper Merchant Wholesalers",,200
424930,"Flower, Nursery Stock, and Florists' Supplies Merchant Wholesalers",,100
424940,Tobacco and Tobacco Product Merchant Wholesalers,,250
424950,"Paint, Varnish, and Supplies Merchant Wholesalers",,150
424990,Other Miscellaneous Nondurable Goods Merchant Wholesalers,,100
425110,Business to Business Electronic Markets,,100
425120,Wholesale Trade Agents and Brokers,,100
441110,New Car Dealers,,200
441120,Used Car Dealers,$25.00 ,
441210,Recreational Vehicle Dealers,$32.50 ,
441222,Boat Dealers,$32.50 ,
441228,"Motorcycle, ATV, and All Other Motor Vehicle Dealers",$32.50 ,
441310,Automotive Parts and Accessories Stores,$15.00 ,
441320,Tire Dealers,$15.00 ,
442110,Furniture Stores,$20.50 ,
442210,Floor Covering Stores,$7.50 ,
442291,Window Treatment Stores,$7.50 ,
442299,All Other Home Furnishings Stores,$20.50 ,
443141,Household Appliance Stores,$11.00 ,
443142,Electronics Stores,$32.50 ,
444110,Home Centers,$38.50 ,
444120,Paint and Wallpaper Stores,$27.50 ,
444130,Hardware Stores,$7.50 ,
444190,Other Building Material Dealers,$20.50 ,
444210,Outdoor Power Equipment Stores,$7.50 ,
444220,Nursery and Garden Centers,$11.00 ,
445110,Supermarkets and Other Grocery (except Convenience) Stores,$32.50 ,
445120,Convenience Stores,$29.50 ,
445210,Meat Markets,$7.50 ,
445220,Fish and Seafood Markets,$7.50 ,
445230,Fruit and Vegetable Markets,$7.50 ,
445291,Baked Goods Stores,$7.50 ,
445292,Confectionery and Nut Stores,$7.50 ,
445299,All Other Specialty Food Stores,$7.50 ,
445310,"Beer, Wine and Liquor Stores",$7.50 ,
446110,Pharmacies and Drug Stores,$27.50 ,
446120,"Cosmetics, Beauty Supplies and Perfume Stores",$27.50 ,
446130,Optical Goods Stores,$20.50 ,
446191,Food (Health) Supplement Stores,$15.00 ,
446199,All Other Health and Personal Care Stores,$7.50 ,
447110,Gasoline Stations with Convenience Stores,$29.50 ,
447190,Other Gasoline Stations,$15.00 ,
448110,Men's Clothing Stores,$11.00 ,
448120,Women's Clothing Stores,$27.50 ,
448130,Children's and Infants' Clothing Stores,$32.50 ,
448140,Family Clothing Stores,$38.50 ,
448150,Clothing Accessories Stores,$15.00 ,
448190,Other Clothing Stores,$20.50 ,
448210,Shoe Stores,$27.50 ,
448310,Jewelry Stores,$15.00 ,
448320,Luggage and Leather Goods Stores,$27.50 ,
451110,Sporting Goods Stores,$15.00 ,
451120,"Hobby, Toy and Game Stores",$27.50 ,
451130,"Sewing, Needlework and Piece Goods Stores",$27.50 ,
451140,Musical Instrument and Supplies Stores,$11.00 ,
451211,Book Stores,$27.50 ,
451212,News Dealers and Newsstands,$7.50 ,
452210,Department Stores,$32.50 ,
452311,Warehouse Clubs and Supercenters,$29.50 ,
452319,All Other General Merchandise Stores,$32.50 ,
453110,Florists,$7.50 ,
453210,Office Supplies and Stationery Stores,$32.50 ,
453220,"Gift, Novelty and Souvenir Stores",$7.50 ,
453310,Used Merchandise Stores,$7.50 ,
453910,Pet and Pet Supplies Stores,$20.50 ,
453920,Art Dealers,$7.50 ,
453930,Manufactured (Mobile) Home Dealers,$15.00 ,
453991,Tobacco Stores,$7.50 ,
453998,All Other Miscellaneous Store Retailers (except Tobacco Stores),$7.50 ,
454110,Electronic Shopping and Mail-Order Houses,$38.50 ,
454210,Vending Machine Operators,$11.00 ,
454310,Fuel Dealers,,100
454390,Other Direct Selling Establishments,$7.50 ,
481111,Scheduled Passenger Air Transportation,,"1,500"
481112,Scheduled Freight Air Transportation,,"1,500"
481211,Nonscheduled Chartered Passenger Air Transportation,,"1,500"
481212,Nonscheduled Chartered Freight Air Transportation,,"1,500"
481219,Other Nonscheduled Air Transportation,$15.00 ,
482111,Line-Haul Railroads,,"1,500"
482112,Short Line Railroads,,"1,500"
483111,Deep Sea Freight Transportation,,500
483112,Deep Sea Passenger Transportation,,"1,500"
483113,Coastal and Great Lakes Freight Transportation,,750
483114,Coastal and Great Lakes Passenger Transportation,,500
483211,Inland Water Freight Transportation,,750
483212,Inland Water Passenger Transportation,,500
484110,"General Freight Trucking, Local",$27.50 ,
484121,"General Freight Trucking, Long-Distance, Truckload",$27.50 ,
484122,"General Freight Trucking, Long-Distance, Less Than Truckload",$27.50 ,
484210,Used Household and Office Goods Moving,$27.50 ,
484220,"Specialized Freight (except Used Goods) Trucking, Local",$27.50 ,
484230,"Specialized Freight (except Used Goods) Trucking, Long-Distance",$27.50 ,
485111,Mixed Mode Transit Systems,$15.00 ,
485112,Commuter Rail Systems,$15.00 ,
485113,Bus and Other Motor Vehicle Transit Systems,$15.00 ,
485119,Other Urban Transit Systems,$15.00 ,
485210,Interurban and Rural Bus Transportation,$15.00 ,
485310,Taxi Service,$15.00 ,
485320,Limousine Service,$15.00 ,
485410,School and Employee Bus Transportation,$15.00 ,
485510,Charter Bus Industry,$15.00 ,
485991,Special Needs Transportation,$15.00 ,
485999,All Other Transit and Ground Passenger Transportation,$15.00 ,
486110,Pipeline Transportation of Crude Oil,,"1,500"
486210,Pipeline Transportation of Natural Gas,$27.50 ,
486910,Pipeline Transportation of Refined Petroleum Products,,"1,500"
486990,All Other Pipeline Transportation,$37.50 ,
487110,"Scenic and Sightseeing Transportation, Land",$7.50 ,
487210,"Scenic and Sightseeing Transportation, Water",$7.50 ,
487990,"Scenic and Sightseeing Transportation, Other",$7.50 ,
488111,Air Traffic Control,$32.50 ,
488119,Other Airport Operations,$32.50 ,
488190,Other Support Activities for Air Transportation,$32.50 ,
488210,Support Activities for Rail Transportation,$15.00 ,
488310,Port and Harbor Operations,$38.50 ,
488320,Marine Cargo Handling,$38.50 ,
488330,Navigational Services to Shipping,$38.50 ,
488390,Other Support Activities for Water Transportation,$38.50 ,
488410,Motor Vehicle Towing,$7.50 ,
488490,Other Support Activities for Road Transportation,$7.50 ,
488510,Freight Transportation Arrangement10,$15.01 ,
488991,Packing and Crating,$27.50 ,
488999,All Other Support Activities for Transportation,$7.50 ,
491110,Postal Service,$7.50 ,
492110,Couriers and Express Delivery Services,,"1,500"
492210,Local Messengers and Local Delivery,$27.50 ,
493110,General Warehousing and Storage,$27.50 ,
493120,Refrigerated Warehousing and Storage,$27.50 ,
493130,Farm Product Warehousing and Storage,$27.50 ,
493190,Other Warehousing and Storage,$27.50 ,
511110,Newspaper Publishers,,"1,000"
511120,Periodical Publishers,,"1,000"
511130,Book Publishers,,"1,000"
511140,Directory and Mailing List Publishers,,"1,250"
511191,Greeting Card Publishers,,"1,500"
511199,All Other Publishers,,500
511210,Software Publishers20,$38.50 ,
512110,Motion Picture and Video Production,$32.50 ,
512120,Motion Picture and Video Distribution,$32.00 ,
512131,Motion Picture Theaters (except Drive-Ins),$38.50 ,
512132,Drive-In Motion Picture Theaters,$7.50 ,
512191,Teleproduction and Other Postproduction Services,$32.00 ,
512199,Other Motion Picture and Video Industries,$20.50 ,
512230,Music Publishers,,750
512240,Sound Recording Studios,$7.50 ,
512250,Record Production and Distribution,,250
512290,Other Sound Recording Industries,$11.00 ,
515111,Radio Networks,$32.50 ,
515112,Radio Stations,$38.50 ,
515120,Television Broadcasting,$38.50 ,
515210,Cable and Other Subscription Programming,$38.50 ,
517311,Wired Telecommunications Carriers,,"1,500"
517312,Wireless Telecommunications Carriers (except Satellite),,"1,500"
517410,Satellite Telecommunications,$32.50 ,
517911,Telecommunications Resellers,,"1,500"
517919,All Other Telecommunications,$32.50 ,
518210,"Data Processing, Hosting, and Related Services",$32.50 ,
519110,News Syndicates,$27.50 ,
519120,Libraries and Archives,$15.00 ,
519130,Internet Publishing and Broadcasting and Web Search Portals,,"1,000"
519190,All Other Information Services,$27.50 ,
522110,Commercial Banking8,$550 million in assets8,
522120,Savings Institutions8,$550 million in assets8,
522130,Credit Unions8,$550 million in assets8,
522190,Other Depository Credit Intermediation8,$550 million in assets8,
522210,Credit Card Issuing8,$550 million in assets8,
522220,Sales Financing,$38.50 ,
522291,Consumer Lending,$38.50 ,
522292,Real Estate Credit,$38.50 ,
522293,International Trade Financing,$38.50 ,
522294,Secondary Market Financing,$38.50 ,
522298,All Other Nondepository Credit Intermediation,$38.50 ,
522310,Mortgage and Nonmortgage Loan Brokers,$7.50 ,
522320,"Financial Transactions Processing, Reserve, and Clearinghouse Activities",$38.50 ,
522390,Other Activities Related to Credit Intermediation,$20.50 ,
523110,Investment Banking and Securities Dealing,$38.50 ,
523120,Securities Brokerage,$38.50 ,
523130,Commodity Contracts Dealing,$38.50 ,
523140,Commodity Contracts Brokerage,$38.50 ,
523210,Securities and Commodity Exchanges,$38.50 ,
523910,Miscellaneous Intermediation,$38.50 ,
523920,Portfolio Management,$38.50 ,
523930,Investment Advice,$38.50 ,
523991,"Trust, Fiduciary and Custody Activities",$38.50 ,
523999,Miscellaneous Financial Investment Activities,$38.50 ,
524113,Direct Life Insurance Carriers,$38.50 ,
524114,Direct Health and Medical Insurance Carriers,$38.50 ,
524126,Direct Property and Casualty Insurance Carriers,,"1,500"
524127,Direct Title Insurance Carriers,$38.50 ,
524128,"Other Direct Insurance (except Life, Health and Medical) Carriers",$38.50 ,
524130,Reinsurance Carriers,$38.50 ,
524210,Insurance Agencies and Brokerages,$7.50 ,
524291,Claims Adjusting,$20.50 ,
524292,Third Party Administration of Insurance and Pension Funds,$32.50 ,
524298,All Other Insurance Related Activities,$15.00 ,
525110,Pension Funds,$32.50 ,
525120,Health and Welfare Funds,$32.50 ,
525190,Other Insurance Funds,$32.50 ,
525910,Open-End Investment Funds,$32.50 ,
525920,"Trusts, Estates, and Agency Accounts",$32.50 ,
525990,Other Financial Vehicles,$32.50 ,
531110,Lessors of Residential Buildings and Dwellings9,$27.59 ,
531120,Lessors of Nonresidential Buildings (except Miniwarehouses) 9,$27.59 ,
531130,Lessors of Miniwarehouses and Self Storage Units9,$27.59 ,
531190,Lessors of Other Real Estate Property9,$27.59 ,
531210,Offices of Real Estate Agents and Brokers10,$7.51 ,
531311,Residential Property Managers,$7.50 ,
531312,Nonresidential Property Managers,$7.50 ,
531320,Offices of Real Estate Appraisers,$7.50 ,
531390,Other Activities Related to Real Estate,$7.50 ,
532111,Passenger Car Rental,$38.50 ,
532112,Passenger Car Leasing,$38.50 ,
532120,"Truck, Utility Trailer, and RV (Recreational Vehicle) Rental and Leasing",$38.50 ,
532210,Consumer Electronics and Appliances Rental,$38.50 ,
532281,Formal Wear and Costume Rental,$20.50 ,
532282,Video Tape and Disc Rental,$27.50 ,
532283,Home Health Equipment Rental,$32.50 ,
532284,Recreational Goods Rental,$7.50 ,
532289,All Other Consumer Goods Rental,$7.50 ,
532310,General Rental Centers,$7.50 ,
532411,"Commercial Air, Rail, and Water Transportation Equipment Rental and Leasing",$32.50 ,
532412,"Construction, Mining and Forestry Machinery and Equipment Rental and Leasing",$32.50 ,
532420,Office Machinery and Equipment Rental and Leasing,$32.50 ,
532490,Other Commercial and Industrial Machinery and Equipment Rental and Leasing,$32.50 ,
533110,Lessors of Nonfinancial Intangible Assets (except Copyrighted Works),$38.50 ,
541110,Offices of Lawyers,$11.00 ,
541191,Title Abstract and Settlement Offices,$11.00 ,
541199,All Other Legal Services,$11.00 ,
541211,Offices of Certified Public Accountants,$20.50 ,
541213,Tax Preparation Services,$20.50 ,
541214,Payroll Services,$20.50 ,
541219,Other Accounting Services,$20.50 ,
541310,Architectural Services,$7.50 ,
541320,Landscape Architectural Services,$7.50 ,
541330,Engineering Services,$15.00 ,
541340,Drafting Services,$7.50 ,
541350,Building Inspection Services,$7.50 ,
541360,Geophysical Surveying and Mapping Services,$15.00 ,
541370,Surveying and Mapping (except Geophysical) Services,$15.00 ,
541380,Testing Laboratories,$15.00 ,
541410,Interior Design Services,$7.50 ,
541420,Industrial Design Services,$7.50 ,
541430,Graphic Design Services,$7.50 ,
541490,Other Specialized Design Services,$7.50 ,
541511,Custom Computer Programming Services,$27.50 ,
541512,Computer Systems Design Services,$27.50 ,
541513,Computer Facilities Management Services,$27.50 ,
541519,Other Computer Related Services,$27.50 ,
541611,Administrative Management and General Management Consulting Services,$15.00 ,
541612,Human Resources Consulting Services,$15.00 ,
541613,Marketing Consulting Services,$15.00 ,
541614,"Process, Physical Distribution and Logistics Consulting Services",$15.00 ,
541618,Other Management Consulting Services,$15.00 ,
541620,Environmental Consulting Services,$15.00 ,
541690,Other Scientific and Technical Consulting Services,$15.00 ,
541713,Research and Technology in Nanotechnology11,,"100,011"
541714,Research and Technology in Biotechnology (except Nanobiotechnology)11,,"100,011"
541715,"Research and Development in the Physical, Engineering, and Life Sciences (except Nanotechnology and Biotechnology)11",,"100,011"
541720,Research and Development in the Social Sciences and Humanities,$20.50 ,
541810,Advertising Agencies10,$15.01 ,
541820,Public Relations Agencies,$15.00 ,
541830,Media Buying Agencies,$15.00 ,
541840,Media Representatives,$15.00 ,
541850,Outdoor Advertising,$15.00 ,
541860,Direct Mail Advertising,$15.00 ,
541870,Advertising Material Distribution Services,$15.00 ,
541890,Other Services Related to Advertising,$15.00 ,
541910,Marketing Research and Public Opinion Polling,$15.00 ,
541921,"Photography Studios, Portrait",$7.50 ,
541922,Commercial Photography,$7.50 ,
541930,Translation and Interpretation Services,$7.50 ,
541940,Veterinary Services,$7.50 ,
541990,"All Other Professional, Scientific and Technical Services",$15.00 ,
551111,Offices of Bank Holding Companies,$20.50 ,
551112,Offices of Other Holding Companies,$20.50 ,
561110,Office Administrative Services,$7.50 ,
561210,Facilities Support Services12,$38.51 ,
561311,Employment Placement Agencies,$27.50 ,
561312,Executive Search Services,$27.50 ,
561320,Temporary Help Services,$27.50 ,
561330,Professional Employer Organizations,$27.50 ,
561410,Document Preparation Services,$15.00 ,
561421,Telephone Answering Services,$15.00 ,
561422,Telemarketing Bureaus and Other contact Centers,$15.00 ,
561431,Private Mail Centers,$15.00 ,
561439,Other Business Service Centers (including Copy Shops),$15.00 ,
561440,Collection Agencies,$15.00 ,
561450,Credit Bureaus,$15.00 ,
561491,Repossession Services,$15.00 ,
561492,Court Reporting and Stenotype Services,$15.00 ,
561499,All Other Business Support Services,$15.00 ,
561510,Travel Agencies10,$20.51 ,
561520,Tour Operators10,$20.51 ,
561591,Convention and Visitors Bureaus,$20.50 ,
561599,All Other Travel Arrangement and Reservation Services,$20.50 ,
561611,Investigation Services,$20.50 ,
561612,Security Guards and Patrol Services,$20.50 ,
561613,Armored Car Services,$20.50 ,
561621,Security Systems Services (except Locksmiths),$20.50 ,
561622,Locksmiths,$20.50 ,
561710,Exterminating and Pest Control Services,$11.00 ,
561720,Janitorial Services,$18.00 ,
561730,Landscaping Services,$7.50 ,
561740,Carpet and Upholstery Cleaning Services,$5.50 ,
561790,Other Services to Buildings and Dwellings,$7.50 ,
561910,Packaging and Labeling Services,$11.00 ,
561920,Convention and Trade Show Organizers10,$11.01 ,
561990,All Other Support Services,$11.00 ,
562111,Solid Waste Collection,$38.50 ,
562112,Hazardous Waste Collection,$38.50 ,
562119,Other Waste Collection,$38.50 ,
562211,Hazardous Waste Treatment and Disposal,$38.50 ,
562212,Solid Waste Landfill,$38.50 ,
562213,Solid Waste Combustors and Incinerators,$38.50 ,
562219,Other Nonhazardous Waste Treatment and Disposal,$38.50 ,
562910,Remediation Services,$20.50 ,
562920,Materials Recovery Facilities,$20.50 ,
562991,Septic Tank and Related Services,$7.50 ,
562998,All Other Miscellaneous Waste Management Services,$7.50 ,
611110,Elementary and Secondary Schools,$11.00 ,
611210,Junior Colleges,$20.50 ,
611310,"Colleges, Universities and Professional Schools",$27.50 ,
611410,Business and Secretarial Schools,$7.50 ,
611420,Computer Training,$11.00 ,
611430,Professional and Management Development Training,$11.00 ,
611511,Cosmetology and Barber Schools,$7.50 ,
611512,Flight Training,$27.50 ,
611513,Apprenticeship Training,$7.50 ,
611519,Other Technical and Trade Schools,$15.00 ,
611610,Fine Arts Schools,$7.50 ,
611620,Sports and Recreation Instruction,$7.50 ,
611630,Language Schools,$11.00 ,
611691,Exam Preparation and Tutoring,$7.50 ,
611692,Automobile Driving Schools,$7.50 ,
611699,All Other Miscellaneous Schools and Instruction,$11.00 ,
611710,Educational Support Services,$15.00 ,
621111,Offices of Physicians (except Mental Health Specialists),$11.00 ,
621112,"Offices of Physicians, Mental Health Specialists",$11.00 ,
621210,Offices of Dentists,$7.50 ,
621310,Offices of Chiropractors,$7.50 ,
621320,Offices of Optometrists,$7.50 ,
621330,Offices of Mental Health Practitioners (except Physicians),$7.50 ,
621340,"Offices of Physical, Occupational and Speech Therapists and Audiologists",$7.50 ,
621391,Offices of Podiatrists,$7.50 ,
621399,Offices of All Other Miscellaneous Health Practitioners,$7.50 ,
621410,Family Planning Centers,$11.00 ,
621420,Outpatient Mental Health and Substance Abuse Centers,$15.00 ,
621491,HMO Medical Centers,$32.50 ,
621492,Kidney Dialysis Centers,$38.50 ,
621493,Freestanding Ambulatory Surgical and Emergency Centers,$15.00 ,
621498,All Other Outpatient Care Centers,$20.50 ,
621511,Medical Laboratories,$32.50 ,
621512,Diagnostic Imaging Centers,$15.00 ,
621610,Home Health Care Services,$15.00 ,
621910,Ambulance Services,$15.00 ,
621991,Blood and Organ Banks,$32.50 ,
621999,All Other Miscellaneous Ambulatory Health Care Services,$15.00 ,
622110,General Medical and Surgical Hospitals,$38.50 ,
622210,Psychiatric and Substance Abuse Hospitals,$38.50 ,
622310,Specialty (except Psychiatric and Substance Abuse) Hospitals,$38.50 ,
623110,Nursing Care Facilities (Skilled Nursing Facilities),$27.50 ,
623210,Residential Intellectual and Developmental Disability Facilities,$15.00 ,
623220,Residential Mental Health and Substance Abuse Facilities,$15.00 ,
623311,Continuing Care Retirement Communities,$27.50 ,
623312,Assisted Living Facilities for the Elderly,$11.00 ,
623990,Other Residential Care Facilities,$11.00 ,
624110,Child and Youth Services,$11.00 ,
624120,Services for the Elderly and Persons with Disabilities,$11.00 ,
624190,Other Individual and Family Services,$11.00 ,
624210,Community Food Services,$11.00 ,
624221,Temporary Shelters,$11.00 ,
624229,Other Community Housing Services,$15.00 ,
624230,Emergency and Other Relief Services,$32.50 ,
624310,Vocational Rehabilitation Services,$11.00 ,
624410,Child Day Care Services,$7.50 ,
711110,Theater Companies and Dinner Theaters,$20.50 ,
711120,Dance Companies,$11.00 ,
711130,Musical Groups and Artists,$11.00 ,
711190,Other Performing Arts Companies,$27.50 ,
711211,Sports Teams and Clubs,$38.50 ,
711212,Race Tracks,$38.50 ,
711219,Other Spectator Sports,$11.00 ,
711310,"Promoters of Performing Arts, Sports and Similar Events with Facilities",$32.50 ,
711320,"Promoters of Performing Arts, Sports and Similar Events without Facilities",$15.00 ,
711410,"Agents and Managers for Artists, Athletes, Entertainers and Other Public Figures",$11.00 ,
711510,"Independent Artists, Writers, and Performers",$7.50 ,
712110,Museums,$27.50 ,
712120,Historical Sites,$7.50 ,
712130,Zoos and Botanical Gardens,$27.50 ,
712190,Nature Parks and Other Similar Institutions,$7.50 ,
713110,Amusement and Theme Parks,$38.50 ,
713120,Amusement Arcades,$7.50 ,
713210,Casinos (except Casino Hotels),$27.50 ,
713290,Other Gambling Industries,$32.50 ,
713910,Golf Courses and Country Clubs,$15.00 ,
713920,Skiing Facilities,$27.50 ,
713930,Marinas,$7.50 ,
713940,Fitness and Recreational Sports Centers,$7.50 ,
713950,Bowling Centers,$7.50 ,
713990,All Other Amusement and Recreation Industries,$7.50 ,
721110,Hotels (except Casino Hotels) and Motels,$32.50 ,
721120,Casino Hotels,$32.50 ,
721191,Bed-and-Breakfast Inns,$7.50 ,
721199,All Other Traveler Accommodation,$7.50 ,
721211,RV (Recreational Vehicle) Parks and Campgrounds,$7.50 ,
721214,Recreational and Vacation Camps (except Campgrounds),$7.50 ,
721310,"Rooming and Boarding Houses, Dormitories, and Workers' Camps",$7.50 ,
722310,Food Service Contractors,$38.50 ,
722320,Caterers,$7.50 ,
722330,Mobile Food Services,$7.50 ,
722410,Drinking Places (Alcoholic Beverages),$7.50 ,
722511,Full-Service Restaurants,$7.50 ,
722513,Limited-Service Restaurants,$11.00 ,
722514,"Cafeterias, Grill Buffets, and Buffets",$27.50 ,
722515,Snack and Nonalcoholic Beverage Bars,$7.50 ,
811111,General Automotive Repair,$7.50 ,
811112,Automotive Exhaust System Repair,$7.50 ,
811113,Automotive Transmission Repair,$7.50 ,
811118,Other Automotive Mechanical and Electrical Repair and Maintenance,$7.50 ,
811121,"Automotive Body, Paint and Interior Repair and Maintenance",$7.50 ,
811122,Automotive Glass Replacement Shops,$11.00 ,
811191,Automotive Oil Change and Lubrication Shops,$7.50 ,
811192,Car Washes,$7.50 ,
811198,All Other Automotive Repair and Maintenance,$7.50 ,
811211,Consumer Electronics Repair and Maintenance,$7.50 ,
811212,Computer and Office Machine Repair and Maintenance,$27.50 ,
811213,Communication Equipment Repair and Maintenance,$11.00 ,
811219,Other Electronic and Precision Equipment Repair and Maintenance,$20.50 ,
811310,Commercial and Industrial Machinery and Equipment (except Automotive and Electronic) Repair and Maintenance,$7.50 ,
811411,Home and Garden Equipment Repair and Maintenance,$7.50 ,
811412,Appliance Repair and Maintenance,$15.00 ,
811420,Reupholstery and Furniture Repair,$7.50 ,
811430,Footwear and Leather Goods Repair,$7.50 ,
811490,Other Personal and Household Goods Repair and Maintenance,$7.50 ,
812111,Barber Shops,$7.50 ,
812112,Beauty Salons,$7.50 ,
812113,Nail Salons,$7.50 ,
812191,Diet and Weight Reducing Centers,$20.50 ,
812199,Other Personal Care Services,$7.50 ,
812210,Funeral Homes and Funeral Services,$7.50 ,
812220,Cemeteries and Crematories,$20.50 ,
812310,Coin-Operated Laundries and Drycleaners,$7.50 ,
812320,Drycleaning and Laundry Services (except Coin-Operated),$5.50 ,
812331,Linen Supply,$32.50 ,
812332,Industrial Launderers,$38.50 ,
812910,Pet Care (except Veterinary) Services,$7.50 ,
812921,Photofinishing Laboratories (except One-Hour),$20.50 ,
812922,One-Hour Photofinishing,$15.00 ,
812930,Parking Lots and Garages,$38.50 ,
812990,All Other Personal Services,$7.50 ,
813110,Religious Organizations,$7.50 ,
813211,Grantmaking Foundations,$32.50 ,
813212,Voluntary Health Organizations,$27.50 ,
813219,Other Grantmaking and Giving Services,$38.50 ,
813311,Human Rights Organizations,$27.50 ,
813312,"Environment, Conservation and Wildlife Organizations",$15.00 ,
813319,Other Social Advocacy Organizations,$7.50 ,
813410,Civic and Social Organizations,$7.50 ,
813910,Business Associations,$7.50 ,
813920,Professional Organizations,$15.00 ,
813930,Labor Unions and Similar Labor Organizations,$7.50 ,
813940,Political Organizations,$7.50 ,
813990,"Other Similar Organizations (except Business, Professional, Labor, and Political Organizations)",$7.50 ,